n_sample,dbi,mia,silhouette,batch_fit_time,n_clusters
348434,9.950642284386646,6.616032062315435,0.17222218147564236,5.523329019546509,5
348434,9.504751885163719,6.566173958828947,0.15026201932921626,5.376861333847046,8
348434,12.812013382940025,6.687152161657209,0.12837913151922672,5.653552532196045,11
348434,14.709875679813956,6.7013337410471365,0.06481679083788193,6.375141382217407,14
