n_sample,dbi,mia,silhouette,batch_fit_time,n_clust
61381,2.215466882302974,16.43985649292986,0.27774442270791105,16.194599628448486,5
61381,2.3647582737444077,16.21710710369666,0.14394664140487348,6.719841718673706,10
61381,2.475946440078852,17.03698086227143,0.15208190648608388,4.972353458404541,15
61381,2.535441682768922,14.433172602201429,0.11212072833520813,4.64867377281189,20
61381,2.349087306912389,14.700752349572754,0.07803426310802133,6.823088645935059,25
61381,2.4222308728036728,13.510034241009091,0.06505833456533312,9.388199806213379,30
61381,2.5214378804339375,13.352404180067147,0.020297576330174046,5.031118154525757,35
